Date,P_I,EU_H,C_H,SO_I,CFNAI,CFNAI_MA3,DIFFUSION
1967:03,"-0,26","-0,06","-0,01","-0,01","-0,35",,
1967:04,"0,17","-0,10","0,01","-0,08","0,00",,
1967:05,"-0,43","0,01","-0,06","-0,08","-0,56","-0,30","-0,17"
1967:06,"-0,09","0,03","0,08","0,01","0,03","-0,18","-0,15"
1967:07,"-0,19","0,10","-0,07","-0,16","-0,33","-0,28","-0,23"
1967:08,"0,60","0,22","-0,02","0,22","1,02","0,24","0,14"
1967:09,"-0,05","-0,05","0,13","-0,08","-0,05","0,21","0,11"
1967:10,"0,22","0,00","-0,12","-0,07","0,02","0,33","0,16"
1967:11,"0,53","0,33","0,10","0,38","1,35","0,44","0,19"
1967:12,"0,34","0,16","0,15","0,36","0,99","0,79","0,49"
1968:01,"-0,09","-0,22","-0,03","-0,12","-0,46","0,63","0,40"
1968:02,"0,13","0,35","0,03","-0,09","0,42","0,32","0,29"
1968:03,"0,07","0,06","0,17","0,08","0,38","0,11","0,21"
1968:04,"0,04","0,17","-0,03","-0,05","0,12","0,31","0,33"
1968:05,"0,36","0,17","0,05","0,07","0,66","0,39","0,37"
1968:06,"0,04","0,07","0,08","0,07","0,26","0,35","0,35"
1968:07,"-0,10","0,11","0,10","0,12","0,23","0,38","0,34"
1968:08,"0,14","0,12","0,05","-0,30","0,01","0,17","0,27"
1968:09,"0,06","0,15","-0,05","0,34","0,49","0,24","0,29"
1968:10,"0,12","0,18","0,09","0,16","0,55","0,35","0,46"
1968:11,"0,44","0,18","0,11","0,08","0,81","0,61","0,57"
1968:12,"0,00","0,16","-0,04","-0,11","0,01","0,45","0,48"
1969:01,"0,21","0,08","0,11","-0,07","0,33","0,38","0,45"
1969:02,"0,21","0,20","0,08","0,02","0,50","0,28","0,42"
1969:03,"0,27","0,18","-0,05","0,09","0,49","0,44","0,53"
1969:04,"-0,23","0,10","0,05","0,12","0,04","0,35","0,44"
1969:05,"-0,16","0,12","0,08","-0,07","-0,02","0,17","0,28"
1969:06,"0,25","0,17","-0,04","-0,01","0,37","0,13","0,23"
1969:07,"0,20","0,03","-0,03","-0,03","0,17","0,17","0,21"
1969:08,"-0,01","0,18","0,08","0,19","0,44","0,33","0,29"
1969:09,"-0,07","-0,13","0,05","0,06","-0,09","0,17","0,09"
1969:10,"-0,05","0,05","0,04","0,16","0,19","0,18","0,09"
1969:11,"-0,41","-0,07","-0,06","-0,27","-0,81","-0,24","-0,16"
1969:12,"-0,16","0,04","-0,02","-0,10","-0,24","-0,28","-0,15"
1970:01,"-0,76","-0,26","-0,04","-0,30","-1,35","-0,80","-0,43"
1970:02,"-0,07","-0,05","0,02","-0,04","-0,15","-0,58","-0,35"
1970:03,"-0,14","-0,08","-0,09","-0,26","-0,58","-0,69","-0,47"
1970:04,"-0,19","-0,32","0,01","-0,19","-0,70","-0,48","-0,44"
1970:05,"-0,14","-0,36","0,06","0,13","-0,32","-0,53","-0,50"
1970:06,"-0,15","-0,20","0,03","0,05","-0,27","-0,43","-0,44"
1970:07,"0,06","-0,05","0,02","-0,04","-0,01","-0,20","-0,28"
1970:08,"-0,30","-0,23","0,02","-0,05","-0,56","-0,28","-0,35"
1970:09,"-0,35","-0,22","0,04","-0,11","-0,64","-0,40","-0,37"
1970:10,"-0,81","-0,60","-0,02","-0,36","-1,80","-1,00","-0,52"
1970:11,"-0,38","-0,27","-0,11","-0,26","-1,03","-1,15","-0,53"
1970:12,"0,76","0,21","0,19","0,47","1,64","-0,39","-0,25"
1971:01,"0,18","0,02","0,25","0,10","0,56","0,39","0,08"
1971:02,"-0,04","-0,09","0,07","0,06","0,00","0,73","0,23"
1971:03,"-0,11","-0,07","0,07","0,05","-0,06","0,17","0,02"
1971:04,"0,19","0,10","0,15","0,02","0,46","0,13","0,05"
1971:05,"0,11","0,16","0,05","0,12","0,44","0,28","0,27"
1971:06,"0,11","-0,09","0,18","0,20","0,40","0,43","0,44"
1971:07,"0,01","0,00","0,06","-0,22","-0,14","0,23","0,18"
1971:08,"-0,32","-0,02","0,14","0,13","-0,06","0,07","0,01"
1971:09,"0,58","0,13","0,22","0,08","1,01","0,27","0,13"
1971:10,"0,36","0,01","0,13","-0,07","0,43","0,46","0,31"
1971:11,"0,12","0,13","0,16","0,24","0,66","0,70","0,53"
1971:12,"0,35","0,16","0,13","0,20","0,85","0,64","0,57"
1972:01,"0,84","0,25","0,11","0,22","1,43","0,98","0,73"
1972:02,"0,30","0,18","0,14","-0,22","0,39","0,89","0,72"
1972:03,"0,25","0,23","0,29","0,27","1,04","0,96","0,71"
1972:04,"0,34","0,17","0,12","0,11","0,75","0,73","0,69"
1972:05,"0,04","0,20","0,16","0,12","0,51","0,77","0,63"
1972:06,"0,10","0,20","0,14","0,07","0,51","0,59","0,58"
1972:07,"0,03","-0,11","0,16","-0,12","-0,05","0,32","0,24"
1972:08,"0,49","0,33","0,18","0,49","1,50","0,65","0,43"
1972:09,"0,27","0,11","0,17","0,34","0,89","0,78","0,45"
1972:10,"0,57","0,29","0,28","0,24","1,37","1,26","0,80"
1972:11,"0,44","0,27","0,16","0,43","1,30","1,19","0,76"
1972:12,"0,45","0,28","0,19","0,29","1,22","1,30","0,78"
1973:01,"0,26","0,29","0,22","0,30","1,08","1,20","0,75"
1973:02,"0,56","0,39","0,17","0,13","1,24","1,18","0,72"
1973:03,"0,10","0,21","0,12","0,04","0,47","0,93","0,55"
1973:04,"-0,06","0,11","0,02","0,02","0,08","0,60","0,31"
1973:05,"0,23","0,10","0,10","0,02","0,46","0,33","0,21"
1973:06,"0,00","0,17","0,07","-0,01","0,23","0,26","0,17"
1973:07,"0,08","0,05","0,14","0,26","0,53","0,41","0,31"
1973:08,"-0,12","0,05","-0,05","-0,26","-0,38","0,13","0,09"
1973:09,"0,29","0,06","0,20","0,10","0,64","0,26","0,21"
1973:10,"0,31","0,21","-0,03","0,57","1,07","0,44","0,32"
1973:11,"0,21","0,16","0,04","0,39","0,80","0,84","0,62"
1973:12,"-0,14","-0,03","-0,15","-0,10","-0,41","0,49","0,36"
1974:01,"-0,30","-0,03","0,00","0,11","-0,23","0,06","0,05"
1974:02,"-0,20","0,01","-0,03","-0,04","-0,26","-0,30","-0,27"
1974:03,"-0,05","0,00","0,04","0,08","0,07","-0,14","-0,23"
1974:04,"-0,20","-0,14","0,06","-0,08","-0,36","-0,19","-0,27"
1974:05,"0,22","0,14","0,01","0,12","0,48","0,06","-0,04"
1974:06,"-0,08","-0,10","-0,03","-0,09","-0,30","-0,06","-0,14"
1974:07,"-0,08","-0,13","0,02","-0,08","-0,27","-0,03","-0,14"
1974:08,"-0,40","-0,12","0,05","-0,25","-0,72","-0,43","-0,47"
1974:09,"-0,15","-0,29","-0,24","-0,18","-0,86","-0,62","-0,52"
1974:10,"-0,27","-0,26","-0,16","-0,42","-1,11","-0,90","-0,63"
1974:11,"-1,27","-0,67","-0,22","-0,31","-2,47","-1,48","-0,71"
1974:12,"-1,60","-0,87","-0,16","-0,70","-3,34","-2,31","-0,79"
1975:01,"-0,83","-0,73","0,05","-0,29","-1,80","-2,54","-0,82"
1975:02,"-1,06","-0,67","-0,02","-0,34","-2,09","-2,41","-0,77"
1975:03,"-0,63","-0,47","-0,21","-0,71","-2,03","-1,97","-0,78"
1975:04,"0,01","-0,26","-0,05","0,05","-0,25","-1,45","-0,61"
1975:05,"-0,13","-0,03","0,18","-0,23","-0,21","-0,83","-0,43"
1975:06,"0,18","-0,07","-0,08","0,09","0,12","-0,11","-0,14"
1975:07,"0,41","0,14","0,01","0,08","0,64","0,18","0,10"
1975:08,"0,28","0,33","-0,01","0,10","0,70","0,49","0,36"
1975:09,"0,49","0,13","-0,02","0,02","0,62","0,65","0,50"
1975:10,"0,14","0,17","-0,03","0,01","0,28","0,54","0,47"
1975:11,"0,04","0,12","0,03","-0,06","0,13","0,35","0,33"
1975:12,"0,42","0,26","0,07","0,13","0,87","0,43","0,44"
1976:01,"0,46","0,44","0,11","0,39","1,40","0,80","0,62"
1976:02,"0,40","0,29","-0,02","0,14","0,81","1,03","0,79"
1976:03,"0,06","0,17","0,04","0,14","0,41","0,87","0,69"
1976:04,"0,17","0,05","0,07","0,03","0,33","0,52","0,53"
1976:05,"0,16","0,12","-0,10","0,02","0,20","0,31","0,39"
1976:06,"-0,03","-0,07","0,12","0,18","0,21","0,25","0,25"
1976:07,"0,21","0,08","0,01","0,01","0,30","0,24","0,29"
1976:08,"0,16","0,06","-0,02","0,07","0,27","0,26","0,36"
1976:09,"0,07","0,15","0,04","0,07","0,34","0,30","0,41"
1976:10,"-0,03","-0,09","0,05","-0,27","-0,34","0,09","0,14"
1976:11,"0,46","0,21","0,08","0,25","1,00","0,33","0,23"
1976:12,"0,35","0,15","0,20","0,41","1,11","0,59","0,48"
1977:01,"-0,24","0,18","-0,05","-0,09","-0,20","0,64","0,54"
1977:02,"0,56","0,26","0,12","0,20","1,14","0,68","0,56"
1977:03,"0,40","0,36","0,09","0,22","1,08","0,67","0,48"
1977:04,"0,34","0,28","0,08","-0,05","0,65","0,96","0,71"
1977:05,"0,26","0,27","0,05","0,08","0,66","0,80","0,65"
1977:06,"0,28","0,21","0,06","0,17","0,72","0,68","0,64"
1977:07,"0,02","0,19","0,14","0,01","0,36","0,58","0,55"
1977:08,"0,05","0,13","0,06","0,04","0,28","0,45","0,51"
1977:09,"0,04","0,26","0,08","0,04","0,42","0,35","0,41"
1977:10,"0,07","0,16","0,16","0,05","0,44","0,38","0,44"
1977:11,"0,07","0,26","0,11","0,09","0,53","0,46","0,46"
1977:12,"0,22","0,23","0,09","0,25","0,79","0,59","0,57"
1978:01,"-0,61","0,01","-0,12","-0,52","-1,24","0,03","0,36"
1978:02,"0,23","0,25","0,18","0,37","1,03","0,19","0,45"
1978:03,"0,66","0,35","0,19","0,12","1,32","0,37","0,50"
1978:04,"0,57","0,49","0,18","0,53","1,77","1,37","0,87"
1978:05,"0,09","0,18","0,09","0,00","0,36","1,15","0,69"
1978:06,"0,25","0,35","0,12","0,08","0,81","0,98","0,67"
1978:07,"-0,03","0,03","0,00","-0,09","-0,10","0,36","0,32"
1978:08,"0,13","0,19","0,15","0,23","0,71","0,47","0,48"
1978:09,"0,13","0,14","0,04","-0,04","0,28","0,29","0,35"
1978:10,"0,22","0,26","0,10","0,16","0,74","0,57","0,64"
1978:11,"0,26","0,28","0,12","0,07","0,72","0,58","0,60"
1978:12,"0,21","0,12","0,13","0,07","0,52","0,66","0,64"
1979:01,"-0,24","0,08","-0,04","-0,17","-0,38","0,29","0,36"
1979:02,"0,07","0,11","0,04","-0,09","0,13","0,09","0,25"
1979:03,"0,16","0,25","0,08","0,52","1,02","0,26","0,32"
1979:04,"-0,59","-0,30","-0,05","-0,48","-1,42","-0,09","0,20"
1979:05,"0,31","0,42","0,07","0,36","1,16","0,25","0,33"
1979:06,"-0,07","0,14","0,04","-0,17","-0,05","-0,10","0,05"
1979:07,"-0,08","-0,02","0,00","-0,06","-0,16","0,32","0,10"
1979:08,"-0,41","-0,12","0,19","-0,10","-0,45","-0,22","-0,24"
1979:09,"-0,05","0,07","0,07","-0,15","-0,06","-0,22","-0,23"
1979:10,"0,11","0,02","-0,05","-0,09","-0,01","-0,17","-0,11"
1979:11,"-0,15","-0,10","0,04","-0,10","-0,32","-0,13","-0,14"
1979:12,"-0,02","0,01","-0,04","-0,12","-0,17","-0,17","-0,20"
1980:01,"0,04","-0,08","0,06","0,10","0,12","-0,13","-0,13"
1980:02,"-0,12","-0,09","-0,15","-0,17","-0,53","-0,20","-0,16"
1980:03,"-0,37","-0,11","-0,22","-0,46","-1,17","-0,53","-0,33"
1980:04,"-0,86","-0,60","-0,25","-0,53","-2,24","-1,31","-0,71"
1980:05,"-1,15","-0,57","-0,17","-0,47","-2,36","-1,92","-0,86"
1980:06,"-0,66","-0,39","0,01","-0,20","-1,24","-1,95","-0,84"
1980:07,"-0,45","-0,34","0,07","0,10","-0,62","-1,41","-0,67"
1980:08,"0,08","0,20","-0,02","0,04","0,31","-0,52","-0,20"
1980:09,"0,49","0,10","-0,02","0,42","1,00","0,23","0,19"
1980:10,"0,49","0,17","0,13","0,34","1,13","0,81","0,62"
1980:11,"0,54","0,18","-0,03","-0,06","0,62","0,91","0,61"
1980:12,"0,16","0,13","0,02","0,04","0,34","0,70","0,61"
1981:01,"-0,22","-0,04","0,04","-0,06","-0,27","0,23","0,24"
1981:02,"-0,27","-0,03","-0,05","-0,09","-0,43","-0,12","-0,05"
1981:03,"0,05","0,10","-0,01","-0,22","-0,09","-0,26","-0,18"
1981:04,"-0,02","0,06","-0,10","0,03","-0,03","-0,19","-0,02"
1981:05,"0,16","-0,02","-0,09","-0,11","-0,06","-0,06","0,10"
1981:06,"-0,12","-0,02","-0,03","-0,11","-0,28","-0,12","0,00"
1981:07,"0,11","0,06","-0,09","-0,03","0,06","-0,09","-0,07"
1981:08,"-0,12","-0,12","-0,01","-0,21","-0,46","-0,23","-0,32"
1981:09,"-0,27","-0,28","-0,20","-0,21","-0,97","-0,46","-0,55"
1981:10,"-0,42","-0,30","-0,23","-0,34","-1,28","-0,90","-0,81"
1981:11,"-0,55","-0,37","-0,17","-0,26","-1,35","-1,20","-0,87"
1981:12,"-0,66","-0,44","-0,08","-0,38","-1,56","-1,40","-0,86"
1982:01,"-0,95","-0,51","-0,18","-0,17","-1,82","-1,57","-0,85"
1982:02,"0,78","0,01","0,00","0,11","0,90","-0,83","-0,49"
1982:03,"-0,43","-0,32","-0,15","-0,05","-0,96","-0,62","-0,46"
1982:04,"-0,40","-0,40","-0,10","-0,17","-1,07","-0,38","-0,45"
1982:05,"-0,31","-0,16","-0,04","-0,10","-0,62","-0,88","-0,66"
1982:06,"-0,20","-0,42","-0,25","-0,30","-1,17","-0,95","-0,66"
1982:07,"-0,22","-0,38","0,00","-0,19","-0,78","-0,86","-0,60"
1982:08,"-0,41","-0,29","-0,09","-0,29","-1,08","-1,01","-0,68"
1982:09,"-0,21","-0,34","0,05","-0,07","-0,58","-0,82","-0,61"
1982:10,"-0,47","-0,42","-0,02","-0,35","-1,26","-0,98","-0,66"
1982:11,"-0,28","-0,24","0,08","-0,09","-0,53","-0,79","-0,59"
1982:12,"-0,31","-0,10","-0,01","-0,10","-0,52","-0,77","-0,57"
1983:01,"0,63","0,14","-0,02","0,36","1,11","0,02","-0,17"
1983:02,"-0,20","-0,11","0,03","-0,17","-0,45","0,05","-0,15"
1983:03,"0,25","0,10","0,15","0,21","0,71","0,46","0,24"
1983:04,"0,44","0,20","0,04","0,00","0,67","0,31","0,26"
1983:05,"0,29","0,24","0,11","0,27","0,92","0,77","0,66"
1983:06,"0,23","0,27","0,16","0,48","1,14","0,91","0,72"
1983:07,"0,55","0,41","0,09","0,01","1,06","1,04","0,76"
1983:08,"0,36","0,02","0,01","0,05","0,44","0,88","0,64"
1983:09,"0,61","0,61","0,08","0,27","1,57","1,02","0,64"
1983:10,"0,29","0,30","0,12","0,25","0,97","0,99","0,68"
1983:11,"0,21","0,30","0,08","0,17","0,76","1,10","0,76"
1983:12,"0,21","0,27","0,12","0,37","0,97","0,90","0,74"
1984:01,"0,66","0,33","0,15","0,12","1,26","1,00","0,76"
1984:02,"0,26","0,39","-0,02","0,05","0,67","0,97","0,72"
1984:03,"0,17","0,13","0,05","0,07","0,43","0,79","0,64"
1984:04,"0,19","0,21","0,13","0,04","0,58","0,56","0,59"
1984:05,"0,12","0,21","0,10","0,17","0,59","0,53","0,63"
1984:06,"0,14","0,23","0,13","0,11","0,60","0,59","0,67"
1984:07,"0,08","0,08","-0,05","-0,02","0,09","0,43","0,53"
1984:08,"-0,02","0,03","0,02","-0,03","-0,01","0,23","0,33"
1984:09,"-0,13","0,11","0,11","-0,15","-0,07","0,00","0,10"
1984:10,"0,05","0,08","-0,01","0,03","0,16","0,03","0,12"
1984:11,"0,04","0,12","0,19","0,07","0,42","0,17","0,28"
1984:12,"0,01","0,06","0,02","-0,02","0,06","0,21","0,34"
1985:01,"-0,15","0,00","0,11","-0,06","-0,10","0,13","0,17"
1985:02,"-0,05","0,00","0,05","-0,04","-0,04","-0,03","0,01"
1985:03,"0,08","0,13","0,05","0,09","0,36","0,07","0,09"
1985:04,"-0,20","-0,05","0,08","-0,11","-0,28","0,01","0,06"
1985:05,"0,01","0,07","0,14","0,16","0,39","0,15","0,16"
1985:06,"-0,07","-0,07","-0,03","-0,35","-0,53","-0,14","-0,09"
1985:07,"-0,27","0,00","0,09","-0,04","-0,21","-0,12","-0,09"
1985:08,"0,06","0,07","0,15","0,27","0,55","-0,07","-0,05"
1985:09,"0,05","0,06","0,22","-0,08","0,24","0,19","0,11"
1985:10,"-0,15","0,04","-0,17","-0,11","-0,40","0,13","0,16"
1985:11,"0,13","0,06","0,05","0,08","0,32","0,06","0,13"
1985:12,"0,19","0,04","0,16","-0,11","0,29","0,07","0,19"
1986:01,"0,25","0,04","0,10","0,21","0,60","0,40","0,37"
1986:02,"-0,29","-0,12","0,02","-0,14","-0,53","0,12","0,03"
1986:03,"-0,22","-0,01","0,09","-0,07","-0,21","-0,05","-0,18"
1986:04,"0,04","0,01","0,16","0,29","0,51","-0,08","-0,19"
1986:05,"0,01","-0,02","0,13","-0,27","-0,14","0,05","0,02"
1986:06,"-0,19","-0,07","0,02","0,11","-0,13","0,08","0,07"
1986:07,"0,11","0,08","0,11","0,03","0,32","0,02","0,10"
1986:08,"-0,01","0,04","0,11","-0,07","0,08","0,09","0,10"
1986:09,"0,02","0,05","0,33","0,26","0,66","0,35","0,30"
1986:10,"0,09","0,00","-0,20","-0,16","-0,27","0,16","0,18"
1986:11,"0,06","0,06","-0,03","-0,08","0,01","0,13","0,22"
1986:12,"0,29","0,08","0,33","0,25","0,95","0,23","0,30"
1987:01,"-0,21","0,00","-0,37","-0,41","-0,99","-0,01","0,14"
1987:02,"0,46","0,18","0,30","0,55","1,50","0,49","0,39"
1987:03,"-0,02","0,09","0,06","0,00","0,13","0,21","0,22"
1987:04,"0,16","0,10","0,07","-0,08","0,25","0,63","0,48"
1987:05,"0,26","0,17","0,02","-0,02","0,42","0,27","0,36"
1987:06,"0,11","0,02","0,08","0,07","0,29","0,32","0,52"
1987:07,"0,27","0,17","0,06","0,16","0,66","0,45","0,65"
1987:08,"0,24","0,11","0,12","-0,16","0,31","0,42","0,62"
1987:09,"0,16","0,09","-0,05","0,26","0,46","0,48","0,59"
1987:10,"0,51","0,20","-0,02","0,02","0,70","0,49","0,52"
1987:11,"0,16","0,12","0,04","-0,07","0,25","0,47","0,50"
1987:12,"0,24","0,09","0,08","0,13","0,54","0,50","0,55"
1988:01,"-0,09","-0,02","0,03","-0,07","-0,15","0,21","0,31"
1988:02,"0,14","0,15","0,02","0,19","0,50","0,30","0,40"
1988:03,"0,05","0,06","0,11","0,20","0,43","0,26","0,38"
1988:04,"0,23","0,14","-0,04","-0,07","0,27","0,40","0,56"
1988:05,"-0,13","0,01","0,06","0,03","-0,03","0,22","0,38"
1988:06,"0,08","0,14","0,03","0,20","0,45","0,23","0,39"
1988:07,"-0,01","0,06","0,01","-0,07","-0,02","0,13","0,25"
1988:08,"0,10","-0,09","0,05","-0,02","0,03","0,15","0,20"
1988:09,"-0,08","0,07","-0,04","0,09","0,05","0,02","0,05"
1988:10,"0,17","0,13","0,11","0,08","0,49","0,19","0,32"
1988:11,"0,06","0,09","0,05","0,06","0,25","0,26","0,49"
1988:12,"0,16","0,08","0,07","0,26","0,56","0,43","0,62"
1989:01,"0,15","0,08","0,04","-0,03","0,25","0,35","0,51"
1989:02,"-0,27","0,08","-0,07","-0,18","-0,45","0,12","0,25"
1989:03,"-0,01","0,02","-0,01","-0,17","-0,17","-0,12","-0,01"
1989:04,"-0,06","0,00","0,05","0,12","0,11","-0,17","-0,09"
1989:05,"-0,34","-0,06","-0,03","-0,17","-0,60","-0,22","-0,21"
1989:06,"-0,04","-0,05","0,00","-0,11","-0,20","-0,23","-0,28"
1989:07,"-0,54","-0,04","0,02","-0,28","-0,83","-0,55","-0,50"
1989:08,"0,26","-0,04","0,10","0,33","0,65","-0,13","-0,19"
1989:09,"-0,19","-0,09","-0,06","-0,18","-0,51","-0,23","-0,27"
1989:10,"-0,14","-0,01","-0,06","-0,21","-0,42","-0,10","-0,21"
1989:11,"0,02","-0,01","0,00","0,13","0,14","-0,26","-0,22"
1989:12,"0,04","-0,07","0,03","0,00","0,00","-0,09","-0,01"
1990:01,"-0,20","0,15","0,12","-0,31","-0,25","-0,04","0,02"
1990:02,"0,30","0,05","-0,09","0,27","0,54","0,10","0,06"
1990:03,"0,10","-0,04","-0,01","0,10","0,16","0,15","0,11"
1990:04,"-0,17","-0,18","-0,05","-0,30","-0,70","0,00","-0,06"
1990:05,"0,02","-0,06","-0,07","0,13","0,01","-0,18","-0,15"
1990:06,"0,06","-0,04","-0,02","-0,03","-0,03","-0,24","-0,24"
1990:07,"-0,15","-0,20","-0,04","-0,19","-0,58","-0,20","-0,24"
1990:08,"-0,03","-0,23","-0,08","0,11","-0,22","-0,28","-0,34"
1990:09,"-0,11","-0,18","-0,09","-0,42","-0,79","-0,53","-0,53"
1990:10,"-0,40","-0,25","-0,15","-0,13","-0,93","-0,65","-0,55"
1990:11,"-0,55","-0,38","-0,08","-0,39","-1,39","-1,04","-0,75"
1990:12,"-0,40","-0,15","-0,17","-0,21","-0,94","-1,09","-0,79"
1991:01,"-0,34","-0,26","-0,28","-0,20","-1,08","-1,14","-0,77"
1991:02,"-0,39","-0,41","-0,01","-0,05","-0,85","-0,96","-0,70"
1991:03,"-0,37","-0,27","0,02","-0,27","-0,89","-0,94","-0,69"
1991:04,"0,02","-0,19","-0,13","0,32","0,02","-0,57","-0,47"
1991:05,"0,19","-0,23","-0,07","0,09","-0,02","-0,30","-0,26"
1991:06,"0,27","-0,01","-0,08","-0,15","0,03","0,01","-0,02"
1991:07,"0,03","-0,13","-0,03","0,28","0,15","0,05","-0,01"
1991:08,"0,00","-0,09","-0,12","-0,13","-0,34","-0,05","-0,20"
1991:09,"0,31","-0,03","-0,08","0,07","0,27","0,03","-0,12"
1991:10,"-0,10","-0,14","-0,14","0,00","-0,38","-0,15","-0,35"
1991:11,"-0,12","-0,14","-0,04","-0,08","-0,38","-0,16","-0,34"
1991:12,"-0,22","-0,15","-0,06","-0,37","-0,80","-0,52","-0,64"
1992:01,"-0,28","-0,14","0,11","0,24","-0,07","-0,42","-0,49"
1992:02,"0,25","-0,12","-0,02","0,00","0,10","-0,26","-0,30"
1992:03,"0,32","0,01","-0,06","0,16","0,43","0,15","0,04"
1992:04,"0,18","0,00","-0,05","0,10","0,24","0,26","0,26"
1992:05,"0,16","-0,03","0,00","-0,19","-0,06","0,20","0,26"
1992:06,"-0,01","-0,08","-0,04","0,18","0,05","0,08","0,10"
1992:07,"0,28","-0,05","-0,03","0,21","0,41","0,13","0,02"
1992:08,"-0,22","-0,02","-0,03","-0,33","-0,61","-0,05","-0,16"
1992:09,"-0,02","-0,08","0,02","0,16","0,08","-0,04","-0,13"
1992:10,"0,16","0,05","0,01","-0,01","0,20","-0,11","-0,12"
1992:11,"0,08","0,06","-0,05","0,01","0,10","0,13","0,16"
1992:12,"0,10","0,05","0,04","0,26","0,44","0,25","0,32"
1993:01,"0,08","0,15","-0,04","0,02","0,21","0,25","0,37"
1993:02,"0,11","0,11","-0,06","0,00","0,16","0,27","0,38"
1993:03,"-0,10","-0,12","-0,12","-0,14","-0,47","-0,03","0,09"
1993:04,"0,07","0,10","0,08","0,00","0,25","-0,02","0,03"
1993:05,"-0,16","0,07","0,00","-0,02","-0,11","-0,11","-0,12"
1993:06,"-0,06","-0,01","-0,01","0,12","0,04","0,06","0,05"
1993:07,"0,04","0,09","0,03","-0,17","-0,02","-0,03","0,05"
1993:08,"-0,10","0,06","-0,04","0,05","-0,03","-0,01","0,06"
1993:09,"0,14","0,09","0,04","0,12","0,39","0,11","0,26"
1993:10,"0,20","0,09","0,01","0,06","0,35","0,24","0,34"
1993:11,"0,11","0,12","0,03","0,03","0,29","0,34","0,55"
1993:12,"0,30","0,13","0,05","0,01","0,49","0,38","0,61"
1994:01,"-0,06","0,09","-0,03","0,07","0,07","0,28","0,55"
1994:02,"0,02","0,02","0,08","0,09","0,21","0,26","0,42"
1994:03,"0,40","0,25","0,04","0,27","0,97","0,42","0,44"
1994:04,"0,22","0,10","0,03","-0,09","0,26","0,48","0,46"
1994:05,"0,18","0,19","-0,04","0,06","0,40","0,54","0,60"
1994:06,"0,16","0,06","0,05","0,17","0,44","0,36","0,55"
1994:07,"0,03","0,10","-0,02","-0,07","0,05","0,29","0,43"
1994:08,"0,25","0,08","0,07","0,40","0,80","0,43","0,46"
1994:09,"0,07","0,11","0,02","-0,09","0,11","0,32","0,33"
1994:10,"0,32","0,12","0,07","0,11","0,62","0,51","0,58"
1994:11,"0,22","0,13","0,01","0,16","0,51","0,41","0,51"
1994:12,"0,31","0,11","0,01","0,16","0,60","0,58","0,67"
1995:01,"0,04","0,04","0,00","0,05","0,12","0,41","0,50"
1995:02,"-0,09","-0,02","-0,09","-0,06","-0,25","0,15","0,23"
1995:03,"0,01","-0,04","0,03","-0,08","-0,08","-0,07","-0,02"
1995:04,"-0,17","-0,14","-0,06","-0,18","-0,56","-0,30","-0,27"
1995:05,"0,06","-0,14","0,06","0,04","0,02","-0,21","-0,16"
1995:06,"0,05","0,05","0,06","0,06","0,22","-0,11","-0,02"
1995:07,"-0,26","-0,03","-0,05","-0,25","-0,59","-0,12","-0,02"
1995:08,"0,33","0,06","0,05","0,30","0,74","0,12","0,12"
1995:09,"0,13","0,05","0,01","-0,06","0,12","0,09","0,08"
1995:10,"-0,19","0,02","-0,06","-0,06","-0,29","0,19","0,10"
1995:11,"-0,04","-0,07","0,09","0,04","0,03","-0,05","-0,01"
1995:12,"-0,01","-0,02","0,05","0,04","0,06","-0,07","0,01"
1996:01,"-0,35","-0,16","-0,07","-0,27","-0,85","-0,25","-0,07"
1996:02,"0,40","0,23","0,10","0,00","0,73","-0,02","0,07"
1996:03,"-0,16","-0,03","0,03","0,01","-0,15","-0,09","-0,07"
1996:04,"0,29","0,01","0,05","0,07","0,42","0,33","0,27"
1996:05,"0,19","0,09","0,03","0,09","0,39","0,22","0,26"
1996:06,"0,25","0,17","-0,01","-0,08","0,34","0,38","0,43"
1996:07,"-0,05","0,00","0,02","0,08","0,05","0,26","0,41"
1996:08,"0,08","0,10","0,04","-0,01","0,21","0,20","0,38"
1996:09,"0,20","0,04","0,03","0,03","0,30","0,19","0,38"
1996:10,"-0,10","0,02","0,03","0,07","0,03","0,18","0,34"
1996:11,"0,28","0,08","0,01","0,10","0,47","0,26","0,40"
1996:12,"0,19","0,02","0,01","-0,19","0,04","0,18","0,31"
1997:01,"-0,01","0,03","0,05","0,20","0,27","0,26","0,40"
1997:02,"0,38","0,13","0,03","0,27","0,80","0,37","0,44"
1997:03,"0,22","0,12","0,05","-0,09","0,29","0,45","0,56"
1997:04,"-0,09","0,08","-0,05","0,13","0,06","0,38","0,49"
1997:05,"0,20","0,07","0,00","-0,05","0,22","0,19","0,40"
1997:06,"0,10","0,03","0,07","0,17","0,37","0,22","0,40"
1997:07,"0,28","0,08","0,10","0,17","0,63","0,41","0,60"
1997:08,"0,34","0,00","0,04","-0,09","0,29","0,43","0,56"
1997:09,"0,26","0,21","0,01","0,14","0,62","0,51","0,61"
1997:10,"0,32","0,14","0,04","-0,06","0,44","0,45","0,53"
1997:11,"0,22","0,17","0,05","0,17","0,60","0,56","0,64"
1997:12,"0,09","0,03","0,06","-0,13","0,05","0,36","0,48"
1998:01,"0,16","0,11","0,01","0,02","0,31","0,32","0,44"
1998:02,"-0,02","0,05","0,07","0,23","0,33","0,23","0,33"
1998:03,"-0,07","-0,02","0,07","0,01","-0,01","0,21","0,22"
1998:04,"0,10","0,07","0,10","-0,04","0,23","0,19","0,23"
1998:05,"0,12","0,08","0,07","0,01","0,28","0,17","0,22"
1998:06,"-0,28","-0,04","0,08","-0,21","-0,45","0,02","0,15"
1998:07,"-0,25","-0,12","0,01","-0,11","-0,47","-0,21","-0,13"
1998:08,"0,67","0,16","0,03","0,19","1,05","0,04","-0,11"
1998:09,"-0,17","-0,03","0,11","0,07","-0,03","0,18","0,05"
1998:10,"0,14","-0,01","0,11","0,04","0,27","0,43","0,28"
1998:11,"-0,11","0,07","0,06","0,02","0,04","0,10","0,16"
1998:12,"0,03","0,04","0,13","0,03","0,22","0,18","0,21"
1999:01,"0,08","0,02","0,02","-0,03","0,09","0,12","0,09"
1999:02,"0,19","0,02","0,11","0,20","0,52","0,28","0,26"
1999:03,"-0,05","-0,05","0,08","-0,07","-0,09","0,17","0,11"
1999:04,"-0,01","0,01","0,05","-0,05","0,00","0,14","0,10"
1999:05,"0,20","0,06","0,08","0,21","0,54","0,15","0,15"
1999:06,"-0,10","-0,03","0,06","-0,02","-0,08","0,15","0,22"
1999:07,"0,09","0,05","0,05","-0,01","0,18","0,21","0,36"
1999:08,"0,15","0,02","0,08","0,09","0,35","0,15","0,23"
1999:09,"-0,19","-0,02","0,05","-0,04","-0,20","0,11","0,15"
1999:10,"0,47","0,09","0,02","0,18","0,77","0,30","0,29"
1999:11,"0,19","0,07","0,10","0,02","0,37","0,31","0,35"
1999:12,"0,29","0,08","0,17","0,06","0,60","0,58","0,65"
2000:01,"-0,11","0,14","-0,03","0,19","0,18","0,38","0,51"
2000:02,"0,12","-0,02","0,14","-0,46","-0,22","0,19","0,33"
2000:03,"0,12","0,05","0,06","0,21","0,45","0,14","0,31"
2000:04,"0,19","0,10","-0,03","0,18","0,43","0,22","0,43"
2000:05,"0,00","-0,22","0,06","-0,18","-0,34","0,18","0,36"
2000:06,"-0,04","0,00","0,02","0,15","0,13","0,07","0,18"
2000:07,"-0,08","0,02","-0,02","-0,20","-0,28","-0,17","-0,13"
2000:08,"-0,23","-0,14","0,07","-0,07","-0,37","-0,17","-0,23"
2000:09,"0,11","0,00","0,09","0,16","0,35","-0,10","-0,15"
2000:10,"-0,25","-0,03","0,00","-0,24","-0,52","-0,18","-0,23"
2000:11,"-0,12","-0,07","0,00","-0,17","-0,37","-0,18","-0,18"
2000:12,"-0,28","-0,08","0,03","0,05","-0,27","-0,38","-0,37"
2001:01,"-0,28","-0,15","0,04","-0,29","-0,68","-0,44","-0,37"
2001:02,"-0,39","-0,20","0,03","0,00","-0,57","-0,51","-0,40"
2001:03,"-0,21","-0,18","-0,02","-0,28","-0,69","-0,65","-0,53"
2001:04,"-0,27","-0,35","0,05","-0,33","-0,89","-0,72","-0,57"
2001:05,"-0,33","-0,27","0,04","0,12","-0,43","-0,67","-0,57"
2001:06,"-0,30","-0,31","0,01","-0,32","-0,92","-0,75","-0,64"
2001:07,"-0,31","-0,21","0,03","-0,02","-0,51","-0,62","-0,59"
2001:08,"-0,18","-0,41","0,09","0,07","-0,42","-0,62","-0,52"
2001:09,"-0,27","-0,26","-0,17","-0,42","-1,12","-0,68","-0,49"
2001:10,"-0,26","-0,47","0,42","0,13","-0,19","-0,58","-0,44"
2001:11,"-0,30","-0,35","-0,08","-0,08","-0,80","-0,70","-0,56"
2001:12,"-0,07","-0,22","-0,04","0,02","-0,31","-0,43","-0,39"
2002:01,"0,15","-0,22","0,05","-0,04","-0,05","-0,39","-0,29"
2002:02,"-0,10","-0,14","0,09","0,04","-0,10","-0,16","-0,10"
2002:03,"0,20","-0,11","0,00","-0,10","-0,02","-0,06","-0,07"
2002:04,"0,06","-0,16","0,06","0,19","0,15","0,01","-0,05"
2002:05,"0,13","-0,11","-0,02","0,08","0,07","0,07","0,02"
2002:06,"0,27","-0,04","0,07","-0,01","0,29","0,17","0,13"
2002:07,"-0,11","-0,17","0,11","-0,10","-0,27","0,03","-0,02"
2002:08,"-0,08","-0,13","0,04","0,11","-0,06","-0,02","-0,13"
2002:09,"-0,04","-0,08","-0,05","-0,17","-0,34","-0,22","-0,34"
2002:10,"-0,15","-0,15","0,06","-0,13","-0,37","-0,26","-0,35"
2002:11,"0,11","-0,15","0,06","0,12","0,14","-0,19","-0,25"
2002:12,"-0,29","-0,18","0,12","-0,25","-0,60","-0,28","-0,31"
2003:01,"0,23","0,00","0,04","0,12","0,38","-0,03","-0,06"
2003:02,"-0,07","-0,19","-0,07","-0,14","-0,46","-0,23","-0,30"
2003:03,"-0,11","-0,21","0,10","0,03","-0,19","-0,09","-0,17"
2003:04,"-0,34","-0,22","0,09","-0,18","-0,65","-0,43","-0,45"
2003:05,"-0,05","-0,11","0,08","0,09","0,01","-0,27","-0,32"
2003:06,"0,02","-0,12","0,12","0,11","0,14","-0,17","-0,22"
2003:07,"0,09","-0,17","0,09","0,08","0,09","0,08","0,03"
2003:08,"-0,14","-0,04","0,12","-0,09","-0,15","0,03","-0,06"
2003:09,"0,22","-0,02","0,01","0,13","0,34","0,10","0,02"
2003:10,"0,00","0,01","0,07","0,07","0,14","0,11","-0,01"
2003:11,"0,28","0,05","0,12","0,03","0,48","0,32","0,28"
2003:12,"0,02","-0,01","0,07","-0,05","0,04","0,22","0,08"
2004:01,"0,03","0,03","0,06","-0,07","0,05","0,19","0,02"
2004:02,"0,23","0,01","0,06","0,15","0,45","0,18","-0,04"
2004:03,"-0,08","0,04","0,15","0,43","0,54","0,35","0,16"
2004:04,"0,15","0,07","0,03","-0,16","0,08","0,36","0,26"
2004:05,"0,27","0,15","0,12","0,02","0,55","0,39","0,35"
2004:06,"-0,26","-0,03","-0,05","0,06","-0,28","0,12","0,20"
2004:07,"0,29","0,04","0,16","-0,03","0,46","0,25","0,27"
2004:08,"0,08","-0,02","0,09","0,15","0,30","0,16","0,16"
2004:09,"-0,02","0,04","0,14","0,00","0,16","0,31","0,24"
2004:10,"0,29","0,05","0,06","0,03","0,44","0,30","0,29"
2004:11,"-0,01","-0,08","0,05","0,07","0,03","0,21","0,16"
2004:12,"0,34","0,09","0,15","0,25","0,83","0,43","0,31"
2005:01,"0,05","0,02","0,03","0,09","0,19","0,35","0,16"
2005:02,"0,23","0,06","0,13","-0,03","0,39","0,47","0,34"
2005:03,"-0,15","-0,02","0,06","-0,18","-0,29","0,10","0,05"
2005:04,"0,07","0,12","0,13","0,26","0,57","0,22","0,18"
2005:05,"0,02","-0,03","0,03","-0,04","-0,02","0,09","0,03"
2005:06,"0,06","0,06","0,22","0,05","0,40","0,32","0,26"
2005:07,"-0,16","0,09","0,13","-0,12","-0,05","0,11","0,13"
2005:08,"0,09","0,02","-0,03","0,14","0,21","0,19","0,29"
2005:09,"-0,52","-0,04","-0,02","-0,03","-0,61","-0,15","0,03"
2005:10,"0,45","0,09","0,10","0,02","0,64","0,08","0,10"
2005:11,"0,30","0,08","0,17","0,18","0,73","0,25","0,17"
2005:12,"0,09","0,03","0,09","0,09","0,31","0,56","0,42"
2006:01,"0,14","0,15","0,18","-0,01","0,47","0,50","0,50"
2006:02,"-0,09","0,06","0,07","0,06","0,10","0,29","0,33"
2006:03,"0,04","0,08","0,07","0,03","0,22","0,26","0,36"
2006:04,"0,07","0,02","0,05","-0,24","-0,10","0,07","0,18"
2006:05,"-0,10","-0,08","0,04","0,15","0,02","0,05","0,06"
2006:06,"0,06","-0,01","0,05","-0,08","0,03","-0,02","-0,02"
2006:07,"-0,14","-0,05","0,05","-0,15","-0,28","-0,08","-0,14"
2006:08,"0,15","-0,05","-0,03","0,09","0,17","-0,03","0,04"
2006:09,"-0,07","-0,02","0,08","0,00","-0,01","-0,04","-0,13"
2006:10,"-0,14","-0,08","0,05","-0,10","-0,27","-0,03","-0,15"
2006:11,"-0,05","-0,06","0,01","-0,02","-0,11","-0,13","-0,31"
2006:12,"0,38","0,05","0,06","0,27","0,77","0,13","0,01"
2007:01,"-0,26","-0,03","-0,01","-0,19","-0,49","0,05","0,01"
2007:02,"0,22","-0,08","-0,02","0,08","0,20","0,16","0,12"
2007:03,"0,10","0,12","0,00","0,02","0,24","-0,02","-0,01"
2007:04,"0,17","-0,23","-0,02","-0,02","-0,10","0,11","0,12"
2007:05,"-0,06","0,03","0,02","0,04","0,03","0,06","0,07"
2007:06,"0,02","0,00","-0,05","0,00","-0,04","-0,04","-0,05"
2007:07,"-0,12","-0,15","0,00","-0,14","-0,41","-0,14","-0,27"
2007:08,"-0,09","-0,18","0,01","0,19","-0,08","-0,18","-0,30"
2007:09,"0,08","-0,05","-0,05","-0,05","-0,07","-0,19","-0,32"
2007:10,"-0,19","-0,13","-0,04","0,08","-0,28","-0,14","-0,21"
2007:11,"0,09","-0,02","-0,06","-0,09","-0,07","-0,14","-0,19"
2007:12,"-0,03","-0,15","-0,14","-0,11","-0,44","-0,26","-0,34"
2008:01,"-0,13","-0,06","-0,09","0,05","-0,23","-0,25","-0,38"
2008:02,"-0,26","-0,16","-0,14","-0,22","-0,78","-0,48","-0,65"
2008:03,"-0,27","-0,16","-0,09","-0,28","-0,79","-0,60","-0,70"
2008:04,"-0,41","-0,25","-0,10","0,09","-0,68","-0,75","-0,74"
2008:05,"-0,28","-0,24","-0,09","-0,22","-0,84","-0,77","-0,71"
2008:06,"-0,29","-0,27","-0,14","-0,03","-0,72","-0,75","-0,73"
2008:07,"-0,37","-0,29","-0,20","-0,38","-1,24","-0,93","-0,83"
2008:08,"-0,58","-0,31","-0,13","-0,23","-1,25","-1,07","-0,84"
2008:09,"-1,36","-0,46","-0,26","-0,47","-2,55","-1,68","-0,89"
2008:10,"-0,12","-0,43","-0,26","-0,32","-1,12","-1,64","-0,80"
2008:11,"-0,80","-0,63","-0,25","-0,65","-2,32","-2,00","-0,81"
2008:12,"-1,30","-0,73","-0,26","-0,36","-2,66","-2,03","-0,78"
2009:01,"-1,25","-0,90","-0,19","-0,68","-3,02","-2,67","-0,84"
2009:02,"-0,30","-0,67","-0,30","0,04","-1,23","-2,30","-0,74"
2009:03,"-0,73","-0,79","-0,34","-0,47","-2,33","-2,19","-0,78"
2009:04,"-0,40","-0,65","-0,27","-0,25","-1,58","-1,71","-0,77"
2009:05,"-0,47","-0,42","-0,21","-0,07","-1,18","-1,70","-0,78"
2009:06,"-0,21","-0,39","-0,23","-0,08","-0,91","-1,22","-0,65"
2009:07,"0,41","-0,29","-0,17","0,22","0,17","-0,64","-0,37"
2009:08,"0,34","-0,23","-0,09","-0,03","0,00","-0,25","-0,13"
2009:09,"0,27","-0,17","-0,43","0,12","-0,22","-0,02","0,05"
2009:10,"0,04","-0,24","-0,21","0,09","-0,31","-0,18","0,01"
2009:11,"0,17","-0,01","-0,23","0,10","0,04","-0,16","0,00"
2009:12,"-0,01","-0,16","-0,18","0,04","-0,31","-0,19","0,02"
2010:01,"0,32","0,03","-0,25","0,06","0,15","-0,04","0,05"
2010:02,"-0,04","-0,20","-0,19","0,07","-0,36","-0,17","-0,09"
2010:03,"0,32","0,07","-0,08","0,18","0,48","0,09","0,09"
2010:04,"0,19","0,24","-0,16","0,14","0,41","0,18","0,25"
2010:05,"0,48","0,08","-0,23","-0,02","0,31","0,40","0,44"
2010:06,"0,02","-0,08","-0,23","0,13","-0,16","0,19","0,25"
2010:07,"0,11","0,08","-0,22","0,17","0,15","0,10","0,17"
2010:08,"0,04","-0,01","-0,20","0,00","-0,16","-0,06","0,03"
2010:09,"0,00","0,00","-0,20","0,01","-0,20","-0,07","-0,01"
2010:10,"-0,04","0,11","-0,20","0,01","-0,11","-0,16","-0,09"
2010:11,"-0,01","-0,03","-0,21","0,04","-0,20","-0,17","-0,11"
2010:12,"0,26","0,03","-0,24","0,03","0,09","-0,08","-0,02"
2011:01,"-0,01","0,00","-0,20","0,23","0,02","-0,03","-0,06"
2011:02,"-0,03","0,20","-0,27","-0,29","-0,39","-0,09","0,00"
2011:03,"0,23","0,10","-0,21","0,27","0,40","0,01","0,16"
2011:04,"-0,17","0,06","-0,26","-0,12","-0,49","-0,16","0,05"
2011:05,"0,00","0,06","-0,27","-0,14","-0,34","-0,14","0,04"
2011:06,"0,03","0,04","-0,18","0,11","0,00","-0,28","-0,16"
2011:07,"0,16","0,10","-0,21","0,10","0,16","-0,06","0,10"
2011:08,"0,13","-0,02","-0,24","0,12","-0,01","0,05","0,20"
2011:09,"-0,03","0,14","-0,16","-0,21","-0,26","-0,04","0,18"
2011:10,"0,11","0,03","-0,18","0,20","0,16","-0,04","0,19"
2011:11,"-0,14","0,04","-0,19","-0,07","-0,36","-0,15","0,02"
2011:12,"0,19","0,11","-0,17","0,15","0,27","0,02","0,21"
2012:01,"0,22","0,21","-0,14","0,07","0,36","0,09","0,26"
2012:02,"0,08","0,02","-0,12","0,02","-0,01","0,21","0,48"
2012:03,"-0,28","0,15","-0,19","-0,07","-0,39","-0,01","0,26"
2012:04,"0,23","-0,02","-0,18","0,03","0,05","-0,12","0,11"
2012:05,"-0,06","0,03","-0,17","0,02","-0,17","-0,17","-0,03"
2012:06,"-0,03","0,02","-0,19","-0,12","-0,32","-0,15","-0,05"
2012:07,"-0,13","-0,01","-0,14","-0,01","-0,29","-0,26","-0,19"
2012:08,"-0,18","0,02","-0,15","-0,14","-0,45","-0,35","-0,32"
2012:09,"-0,11","0,10","-0,13","0,04","-0,11","-0,28","-0,29"
2012:10,"-0,05","0,01","-0,15","-0,09","-0,27","-0,28","-0,27"
2012:11,"0,14","0,00","-0,08","0,23","0,29","-0,03","-0,05"
2012:12,"0,16","0,09","-0,09","0,00","0,16","0,06","0,14"
2013:01,"-0,31","0,02","-0,08","0,03","-0,35","0,03","0,18"
2013:02,"0,11","0,15","-0,11","0,08","0,23","0,01","0,25"
2013:03,"0,02","0,03","-0,11","-0,19","-0,26","-0,13","0,04"
2013:04,"-0,12","-0,01","-0,13","-0,03","-0,30","-0,11","-0,04"
2013:05,"0,01","0,06","-0,08","0,15","0,14","-0,14","-0,10"
2013:06,"0,02","0,03","-0,14","-0,06","-0,15","-0,10","0,01"
2013:07,"-0,27","-0,04","-0,10","-0,12","-0,53","-0,18","-0,01"
2013:08,"0,22","0,12","-0,13","0,09","0,30","-0,13","0,02"
2013:09,"0,08","0,04","-0,10","0,08","0,10","-0,04","0,12"
2013:10,"-0,03","0,04","-0,08","0,05","-0,01","0,13","0,30"
2013:11,"0,00","0,14","-0,06","0,22","0,30","0,13","0,29"
2013:12,"0,03","0,04","-0,10","-0,13","-0,15","0,05","0,11"
2014:01,"-0,34","0,03","-0,20","-0,22","-0,72","-0,19","-0,05"
2014:02,"0,28","0,06","-0,04","0,15","0,44","-0,14","-0,06"
2014:03,"0,28","0,13","-0,03","0,09","0,48","0,07","0,22"
2014:04,"-0,04","0,15","-0,06","-0,02","0,03","0,32","0,34"
2014:05,"0,07","0,10","-0,09","0,04","0,12","0,21","0,31"
2014:06,"0,06","0,16","-0,09","0,00","0,13","0,10","0,21"
2014:07,"0,08","0,04","-0,07","0,24","0,30","0,18","0,30"
2014:08,"-0,15","0,13","-0,03","-0,17","-0,22","0,07","0,18"
2014:09,"0,05","0,09","-0,10","-0,02","0,02","0,03","0,10"
2014:10,"-0,03","0,11","-0,03","-0,02","0,04","-0,06","0,01"
2014:11,"0,29","0,05","-0,05","-0,02","0,27","0,11","0,12"
2014:12,"-0,07","0,13","-0,06","0,07","0,07","0,12","0,15"
2015:01,"-0,22","0,05","-0,03","-0,06","-0,26","0,03","0,10"
2015:02,"-0,28","0,06","-0,14","-0,12","-0,48","-0,22","-0,06"
2015:03,"0,01","-0,05","-0,05","0,10","0,00","-0,25","-0,12"
2015:04,"-0,15","0,10","-0,04","0,08","-0,01","-0,16","-0,03"
2015:05,"-0,10","0,05","-0,05","-0,24","-0,34","-0,12","-0,04"
2015:06,"-0,16","0,04","-0,06","0,04","-0,13","-0,16","-0,16"
2015:07,"0,20","0,16","-0,02","-0,01","0,34","-0,05","-0,09"
2015:08,"-0,12","-0,05","-0,06","-0,06","-0,28","-0,03","-0,16"
2015:09,"-0,18","-0,01","-0,05","0,12","-0,12","-0,02","-0,08"
2015:10,"-0,18","0,08","-0,09","-0,07","-0,26","-0,22","-0,28"
2015:11,"-0,24","0,02","-0,03","-0,11","-0,36","-0,24","-0,26"
2015:12,"-0,22","0,07","-0,03","-0,12","-0,30","-0,30","-0,33"
2016:01,"0,10","0,08","-0,07","-0,03","0,08","-0,19","-0,23"
2016:02,"-0,21","-0,06","0,03","0,01","-0,23","-0,15","-0,19"
2016:03,"-0,23","0,02","-0,13","-0,01","-0,35","-0,17","-0,23"
2016:04,"-0,01","-0,03","-0,05","-0,02","-0,10","-0,23","-0,30"
2016:05,"-0,12","-0,01","-0,06","-0,16","-0,35","-0,27","-0,42"
2016:06,"0,09","0,03","0,00","0,01","0,12","-0,11","-0,21"
2016:07,"-0,02","0,13","-0,03","-0,04","0,04","-0,06","-0,15"
2016:08,"-0,14","-0,08","-0,06","0,08","-0,20","-0,01","-0,08"
2016:09,"-0,03","0,03","-0,06","-0,02","-0,08","-0,08","-0,18"
2016:10,"-0,05","0,00","-0,04","0,03","-0,05","-0,11","-0,26"
2016:11,"-0,14","0,06","-0,07","-0,06","-0,21","-0,12","-0,21"
2016:12,"0,14","0,05","0,04","0,18","0,40","0,04","-0,04"
2017:01,"-0,07","-0,01","-0,06","0,04","-0,11","0,03","0,03"
2017:02,"-0,14","0,13","-0,05","-0,03","-0,09","0,07","0,08"
2017:03,"0,05","0,05","-0,04","-0,05","0,01","-0,06","-0,08"
2017:04,"0,36","0,11","-0,05","-0,09","0,33","0,08","0,06"
2017:05,"0,00","0,00","-0,07","0,07","0,00","0,11","0,09"
2017:06,"0,00","0,12","0,01","0,03","0,16","0,16","0,18"
2017:07,"-0,13","0,02","-0,04","-0,01","-0,17","0,00","-0,01"
2017:08,"-0,14","0,07","-0,08","0,14","-0,01","-0,01","-0,02"
2017:09,"0,01","0,08","0,02","0,08","0,19","0,00","-0,03"
2017:10,"0,41","0,05","-0,03","0,11","0,54","0,24","0,18"
2017:11,"0,05","0,05","0,01","0,12","0,23","0,32","0,32"
2017:12,"0,03","0,04","0,01","0,14","0,21","0,33","0,31"
2018:01,"-0,04","0,10","-0,09","-0,20","-0,23","0,07","0,08"
2018:02,"0,16","0,21","-0,03","0,12","0,46","0,15","0,14"
2018:03,"0,04","0,08","-0,02","-0,01","0,09","0,11","0,10"
2018:04,"0,36","0,08","-0,06","0,02","0,40","0,32","0,27"
2018:05,"-0,42","0,13","0,03","0,09","-0,17","0,11","0,13"
2018:06,"0,28","0,06","-0,07","-0,04","0,23","0,15","0,17"
2018:07,"0,00","0,06","-0,02","-0,01","0,03","0,03","0,05"
2018:08,"0,16","0,04","-0,04","0,13","0,30","0,19","0,15"
2018:09,"-0,02","0,08","-0,07","0,02","0,00","0,11","0,06"
2018:10,"-0,12","0,03","-0,02","-0,13","-0,24","0,02","-0,05"
2018:11,"-0,06","0,06","0,01","0,00","0,01","-0,08","-0,20"
2018:12,"0,05","-0,01","-0,20","0,02","-0,13","-0,12","-0,18"
2019:01,"-0,33","0,04","-0,03","-0,05","-0,36","-0,16","-0,16"
2019:02,"-0,20","-0,08","-0,08","-0,04","-0,40","-0,30","-0,29"
2019:03,"-0,07","0,05","0,01","-0,10","-0,10","-0,29","-0,31"
2019:04,"-0,31","0,05","-0,06","-0,18","-0,51","-0,34","-0,34"
2019:05,"-0,01","0,00","0,01","0,03","0,03","-0,19","-0,19"
2019:06,"0,06","0,05","-0,02","-0,02","0,06","-0,14","-0,14"
2019:07,"-0,28","-0,03","0,00","-0,06","-0,38","-0,10","-0,12"
2019:08,"0,18","0,03","0,02","-0,04","0,19","-0,04","0,01"
2019:09,"-0,28","0,01","-0,05","-0,10","-0,42","-0,20","-0,14"
2019:10,"-0,37","-0,08","-0,04","-0,29","-0,78","-0,34","-0,26"
2019:11,"0,22","-0,01","0,02","-0,01","0,22","-0,33","-0,33"
2019:12,"-0,14","-0,07","0,00","-0,14","-0,35","-0,30","-0,37"
2020:01,"-0,19","0,00","0,00","-0,04","-0,23","-0,12","-0,24"
2020:02,"0,05","0,02","-0,02","0,06","0,11","-0,16","-0,21"
2020:03,"-1,75","-1,13","-0,69","-0,86","-4,43","-1,52","-0,32"
2020:04,"-5,71","-8,97","-1,27","-2,26","-18,20","-7,51","-0,53"
2020:05,"1,03","1,89","1,01","0,77","4,70","-5,98","-0,39"
2020:06,"2,48","1,98","0,48","1,37","6,31","-2,40","0,17"
2020:07,"1,25","0,59","0,12","0,60","2,56","4,52","0,77"
2020:08,"0,43","0,75","0,01","0,07","1,26","3,38","0,76"
2020:09,"-0,04","0,37","0,12","0,03","0,48","1,43","0,61"
2020:10,"0,29","0,45","-0,02","0,21","0,94","0,89","0,59"
2020:11,"0,13","0,15","-0,04","0,07","0,30","0,57","0,51"
2020:12,"0,41","0,05","0,05","0,17","0,68","0,64","0,55"
2021:01,"0,27","0,09","0,19","0,32","0,87","0,62","0,50"
2021:02,"-1,33","0,14","-0,19","-0,43","-1,81","-0,09","0,28"
2021:03,"1,09","0,38","0,60","0,23","2,30","0,45","0,35"
2021:04,"-0,03","0,07","0,03","-0,01","0,06","0,18","0,17"
2021:05,"0,34","0,18","-0,09","-0,23","0,20","0,85","0,38"
2021:06,"0,08","0,14","0,05","0,08","0,34","0,20","0,29"
2021:07,"0,23","0,41","-0,12","0,18","0,71","0,42","0,48"
2021:08,"-0,06","0,18","0,04","-0,10","0,07","0,37","0,34"
2021:09,"-0,33","0,22","0,01","0,05","-0,05","0,24","0,19"
2021:10,"0,40","0,34","0,05","0,13","0,93","0,32","0,23"
2021:11,"0,34","0,31","0,02","0,07","0,73","0,54","0,45"
2021:12,"-0,04","0,23","-0,05","0,10","0,24","0,63","0,53"
2022:01,"-0,12","0,04","0,07","0,18","0,16","0,38","0,29"
2022:02,"0,26","0,39","0,00","-0,14","0,51","0,30","0,22"
2022:03,"0,22","0,22","0,07","-0,06","0,45","0,37","0,34"
2022:04,"0,01","0,04","0,09","-0,09","0,06","0,34","0,37"
2022:05,"-0,10","0,01","-0,06","-0,21","-0,36","0,05","0,14"
2022:06,"-0,16","0,05","-0,02","-0,05","-0,18","-0,16","-0,12"
2022:07,"0,01","0,15","-0,04","0,06","0,18","-0,12","-0,08"
2022:08,"0,01","-0,07","0,06","0,17","0,17","0,06","0,14"
2022:09,"0,01","0,09","0,00","-0,06","0,05","0,13","0,26"
2022:10,"-0,06","0,04","0,00","0,03","0,01","0,07","0,21"
2022:11,"-0,25","0,01","-0,10","-0,22","-0,57","-0,17","-0,05"
2022:12,"-0,59","0,00","-0,06","0,15","-0,49","-0,35","-0,17"
2023:01,"0,35","0,10","0,17","0,05","0,66","-0,13","-0,04"
2023:02,"-0,10","-0,08","-0,07","-0,19","-0,44","-0,09","0,00"
2023:03,"-0,19","-0,07","-0,09","-0,16","-0,51","-0,10","-0,12"
2023:04,"0,13","0,05","0,00","-0,13","0,06","-0,30","-0,24"
2023:05,"-0,17","-0,10","0,00","0,07","-0,20","-0,22","-0,26"
2023:06,"-0,34","0,00","-0,02","-0,05","-0,41","-0,18","-0,22"
2023:07,"0,10","-0,09","0,02","0,06","0,09","-0,17","-0,23"
2023:08,"-0,05","-0,01","-0,03","-0,08","-0,18","-0,16","-0,25"
2023:09,"-0,03","-0,03","-0,01","0,01","-0,05","-0,04","-0,14"
2023:10,"-0,33","-0,12","-0,03","-0,11","-0,60","-0,27","-0,33"
2023:11,"0,08","0,01","0,02","0,09","0,19","-0,15","-0,13"
2023:12,"-0,14","-0,06","0,04","0,06","-0,11","-0,17","-0,11"
2024:01,"-0,50","-0,03","-0,09","-0,25","-0,87","-0,26","-0,14"
2024:02,"0,37","-0,02","0,01","0,01","0,37","-0,20","-0,15"
2024:03,"-0,10","-0,04","-0,01","-0,05","-0,19","-0,23","-0,19"
2024:04,"-0,22","-0,05","-0,05","-0,07","-0,39","-0,07","-0,15"
2024:05,"0,11","0,02","0,02","0,01","0,16","-0,14","-0,15"
2024:06,"-0,02","-0,11","-0,03","0,03","-0,13","-0,12","-0,17"
2024:07,"-0,36","-0,07","0,03","0,05","-0,35","-0,10","-0,09"
2024:08,"0,09","-0,05","-0,04","-0,05","-0,05","-0,17","-0,21"
2024:09,"-0,23","-0,03","0,04","0,02","-0,21","-0,20","-0,18"
2024:10,"-0,30","-0,08","-0,01","-0,11","-0,50","-0,25","-0,29"
2024:11,"-0,10","0,04","0,01","0,00","-0,05","-0,25","-0,24"
2024:12,"0,21","0,02","0,04","0,08","0,36","-0,06","-0,03"
2025:01,"-0,17","0,07","-0,14","-0,16","-0,39","-0,03","0,07"
2025:02,"0,31","-0,03","-0,03","0,11","0,36","0,11","0,16"
2025:03,"-0,02","-0,07","0,09","0,16","0,16","0,04","-0,01"
2025:04,"-0,18","-0,02","-0,03","-0,18","-0,41","0,04","-0,08"
2025:05,"-0,06","-0,05","-0,10","0,02","-0,18","-0,14","-0,31"
2025:06,"0,01","-0,08","-0,01","-0,10","-0,18","-0,26","-0,40"
2025:07,"-0,10","-0,06","0,00","-0,02","-0,19","-0,18","-0,31"
